{"IsBetaUser": 0.0, "RealTimeProtectionState": 6.8483165776258685, "IsPassiveModeEnabled": 0.017639457894684123, "AntivirusConfigID": 47976.36750303237, "NumAntivirusProductsInstalled": 1.3264633058331745, "NumAntivirusProductsEnabled": 1.0182242850125807, "HasTpm": 0.9967746136047199, "CountryID": 108.05995011669488, "CityID": 81025.2241709505, "GeoRegionID": 169.7157853615538, "LocaleEnglishNameID": 122.68004567627939, "OSBuildNumber": 15917.366361824246, "OSProductSuite": 578.4041950056594, "IsSystemProtected": 0.955341479795904, "AutoSampleSubmissionEnabled": 0.0, "SMode": 0.000505806660462105, "IEVersionID": 124.05079918978, "FirewallEnabled": 0.9800636118273852, "EnableLUA": 0.9965936642154407, "OEMNameID": 2209.8089860571567, "OEMModelID": 238793.5882837207, "ProcessorCoreCount": 4.011659381641737, "ProcessorManufacturerID": 4.530727433131491, "ProcessorModelID": 2367.707783614709, "PrimaryDiskCapacityMB": 515836.8950994254, "SystemVolumeCapacityMB": 381968.8354341526, "HasOpticalDiskDrive": 0.08138591447717688, "TotalPhysicalRAMMB": 6132.129120603519, "PrimaryDisplayDiagonalInches": 16.709136837040525, "PrimaryDisplayResolutionHorizontal": 1552.330560038492, "PrimaryDisplayResolutionVertical": 898.3104720281473, "InternalBatteryNumberOfCharges": 1118002966.8254194, "OSBuildNumberOnly": 15990.620916931275, "OSBuildRevisionOnly": 986.0335961054961, "OSInstallLanguageID": 14.520186522262335, "OSUILocaleID": 60.034407460458965, "IsPortableOS": 0.0005108531247182796, "IsFlightsDisabled": 0.0, "FirmwareManufacturerID": 401.9851895794162, "FirmwareVersionID": 32940.05890511462, "IsSecureBootEnabled": 0.4956677651678303, "IsVirtualDevice": 0.0038471942532535843, "IsTouchEnabled": 0.12848456923061513, "IsPenCapable": 0.04061783177907105, "IsAlwaysOnAlwaysConnectedCapable": 0.05843589203502542, "IsGamer": 0.29674436408324434, "RegionIdentifier": 7.875909100066482, "OS_Year": 2017.7734172269033, "OS_Month": 6.807001372621707, "ProductName": "win8defender", "EngineVersion": "1.1.15200.1", "AppVersion": "4.18.1807.18075", "SignatureVersion": "1.273.1420.0", "PlatformType": "windows10", "Processor": "x64", "OSVersion": "10.0.0.0", "OsPlatformSubRelease": "rs4", "OSBuildLab": "17134.1.amd64fre.rs4_release.180410-1804", "SKUEditionName": "Home", "MDC2FormFactor": "Notebook", "DeviceFamily": "Windows.Desktop", "PrimaryDiskType": "HDD", "ChassisType": "Notebook", "PowerPlatformRole": "Mobile", "NumericOSVersion": "10.0.17134.228", "OSArchitecture": "amd64", "OSBranch": "rs4_release", "OSEdition": "Core", "OSSkuFriendlyName": "CORE", "OSInstallType": "UUPUpgrade", "AutoUpdateOptionsName": "FullAuto", "OSGenuineState": "IS_GENUINE", "LicenseActivationChannel": "Retail", "FlightRing": "Retail"}